Image_ID,Attentative_Score
VID_20200511_163207~2-mc (1) 01__score_10.jpg,10
VID_20200511_163207~2-mc (1) 03__score_10.jpg,10
VID_20200511_163207~2-mc (1) 04__score_10.jpg,10
VID_20200511_163207~2-mc (1) 05__score_6.jpg,6
VID_20200511_163207~2-mc (1) 06__score_8.jpg,8
VID_20200511_163207~2-mc (1) 07__score_10.jpg,9
VID_20200511_163207~2-mc (1) 08__score_9.jpg,10
VID_20200511_163207~2-mc (1) 09__score_7.jpg,7
VID_20200511_163207~2-mc (1) 10__score_10.jpg,10
VID_20200511_163207~2-mc (1) 12__score_9.jpg,9
VID_20200511_163207~2-mc (1) 15__score_10.jpg,10
VID_20200511_163207~2-mc (1) 16__score_9.jpg,9
VID_20200511_163207~2-mc (1) 18__score_1.jpg,1
VID_20200511_163207~2-mc (1) 19__score_1.jpg,1
VID_20200511_163207~2-mc (1) 20__score_2.jpg,2
VID_20200511_163207~2-mc (1) 21__score_2.jpg,2
VID_20200511_163207~2-mc (1) 22__score_0.jpg,0
VID_20200511_163207~2-mc (1) 23__score_4.jpg,4
VID_20200511_163207~2-mc (1) 24__score_7.jpg,7
VID_20200511_163207~2-mc (1) 26__score_0.jpg,0
VID_20200511_163207~2-mc (1) 27__score_0.jpg,0
VID_20200511_163207~2-mc (1) 28__score_3.jpg,3
VID_20200511_163207~2-mc (1) 29__score_9.jpg,9
VID_20200511_163207~2-mc (1) 30__score_5.jpg,5
VID_20200511_163207~2-mc (1) 33__score_7.jpg,7
VID_20200511_163207~2-mc (1) 36__score_10.jpg,10
VID_20200511_163207~2-mc (1) 41__score_6.jpg,6
VID_20200511_163207~2-mc (1) 42__score_4.jpg,4
VID_20200511_163207~2-mc (1) 44__score_7.jpg,7
VID_20200511_163207~2-mc (1) 46__score_1.jpg,1
VID_20200511_163207~2-mc (1) 47__score_0.jpg,0
VID_20200511_163207~2-mc (1) 48__score_1.jpg,1
VID_20200511_163207~2-mc (1) 49__score_2.jpg,2
VID_20200511_163207~2-mc (1) 50__score_4.jpg,4
VID_20200511_163207~2-mc (1) 51__score_0.jpg,0
VID_20200511_163207~2-mc (1) 52__score_0.jpg,0
VID_20200511_163207~2-mc (1) 56__score_2.jpg,2
VID_20200511_163207~2-mc (1) 58__score_10.jpg,10
VID_20200511_163207~2-mc (1) 59__score_4.jpg,4
VID_20200511_163207~2-mc (1) 60__score_0.jpg,0
WIN_20200512_00_23_14_Pro 01__score_8.jpg,8
WIN_20200512_00_23_14_Pro 02__score_8.jpg,8
WIN_20200512_00_23_14_Pro 03__score_1.jpg,1
WIN_20200512_00_23_14_Pro 04__score_0.jpg,0
WIN_20200512_00_23_14_Pro 05__score_10.jpg,10
WIN_20200512_00_23_14_Pro 06__score_1.jpg,1
WIN_20200512_00_23_14_Pro 07__score_1.jpg,1
WIN_20200512_00_23_14_Pro 08__score_6.jpg,6
WIN_20200512_00_23_14_Pro 09__score_0.jpg,0
WIN_20200512_00_23_14_Pro 10__score_7.jpg,7
WIN_20200512_00_23_14_Pro 11__score_5.jpg,5
WIN_20200512_00_23_14_Pro 12__score_2.jpg,2
WIN_20200512_00_23_14_Pro 13__score_1.jpg,1
WIN_20200512_00_23_14_Pro 14__score_10.jpg,10
WIN_20200512_00_23_14_Pro 15__score_6.jpg,6
WIN_20200512_00_23_14_Pro 16__score_9.jpg,9
WIN_20200512_00_23_14_Pro 17__score_7.jpg,7
WIN_20200512_00_23_14_Pro 18__score_2.jpg,2
WIN_20200512_00_23_14_Pro 19__score_4.jpg,4
WIN_20200512_00_23_14_Pro 20__score_9.jpg,9
WIN_20200512_00_23_14_Pro 21__score_10.jpg,10
WIN_20200512_00_23_14_Pro 22__score_7.jpg,7
WIN_20200512_00_23_14_Pro 23__score_8.jpg,8
WIN_20200512_00_23_14_Pro 24__score_8.jpg,8
WIN_20200512_00_23_14_Pro 25__score_8.jpg,8
WIN_20200512_00_23_14_Pro 26__score_8.jpg,8
WIN_20200512_00_23_14_Pro 27__score___score_8.jpg,8
WIN_20200512_00_23_14_Pro 28__score_8.jpg,8
WIN_20200512_00_23_14_Pro 29__score_10.jpg,10
WIN_20200512_00_23_14_Pro 30__score_7.jpg,7
WIN_20200512_00_23_14_Pro 31__score_10.jpg,10
WIN_20200512_00_23_14_Pro 32__score_10.jpg,10
WIN_20200512_00_23_14_Pro 33__score_10.jpg,10
WIN_20200512_00_23_14_Pro 34__score_7.jpg,7
WIN_20200512_00_23_14_Pro 35__score_8.jpg,8
WIN_20200512_00_23_14_Pro 36__score_10.jpg,10
WIN_20200512_00_23_14_Pro 37__score_10.jpg,10
WIN_20200512_00_23_14_Pro 38__score_10.jpg,10
WIN_20200512_00_23_14_Pro 39__score_10.jpg,10
WIN_20200512_00_23_14_Pro 40__score_9.jpg,9
20200511_204838 01__score_10.jpg,10
20200511_204838 02__score_10.jpg,10
20200511_204838 03__score_10.jpg,10
20200511_204838 04__score_10.jpg,10
20200511_204838 05__score_10.jpg,10
20200511_204838 06__score_8.jpg,8
20200511_204838 07__score_9.jpg,9
20200511_204838 08__score_10.jpg,10
20200511_204838 09__score_10.jpg,10
20200511_204838 10__score_8.jpg,8
20200511_204838 11__score_10.jpg,10
20200511_204838 12__score_10.jpg,10
20200511_204838 13__score_10.jpg,10
20200511_204838 14__score_10.jpg,10
20200511_204838 15__score_10.jpg,10
20200511_204838 16__score_4.jpg,4
20200511_204838 17__score_10.jpg,10
20200511_204838 18__score_10.jpg,10
20200511_204838 19__score_10.jpg,10
20200511_204838 20__score_10.jpg,10
20200511_204838 21__score_10.jpg,101
20200511_204838 22__score_10.jpg,10
20200511_204838 23__score_6.jpg,6
20200511_204838 24__score_7.jpg,7
20200511_204838 25__score_10.jpg,10
20200511_204838 26__score_10.jpg,10
20200511_204838 27__score_8.jpg,8
20200511_204838 28__score_10.jpg,10
20200511_204838 29__score_2.jpg,2
20200511_204838 30__score_10.jpg,10
20200511_204838 31__score_1.jpg,1
20200511_204838 32__score_10.jpg,10
20200511_204838 33__score_3.jpg,3
20200511_204838 34__score_10.jpg,10
20200511_204838 35__score___10.jpg,10
20200511_204838 36__score_5.jpg,5
20200511_204838 37__score_10.jpg,10
20200511_204838 38__score_10.jpg,10
20200511_204838 39__score_10.jpg,10
20200511_204838 40__score_10.jpg,10
IMG_3526 01__score_10.jpg,10
IMG_3526 02__score_10.jpg,10
IMG_3526 03__score_10.jpg,10
IMG_3526 04__score_6.jpg,6
IMG_3526 05__score_10.jpg,10
IMG_3526 06__score_10.jpg,10
IMG_3526 07__score_10.jpg,10
IMG_3526 08__score_10.jpg,10
IMG_3526 09__score_10.jpg,10
IMG_3526 10__score_10.jpg,10
IMG_3526 11__score_10.jpg,10
IMG_3526 12__score_10.jpg,10
IMG_3526 13__score_6.jpg,6
IMG_3526 15__score_8.jpg,8
IMG_3526 16__score_10.jpg,10
IMG_3526 17__score_10.jpg,10
IMG_3526 18__score_10.jpg,2
IMG_3526 19__score_2.jpg,2
IMG_3526 20__score_5.jpg,5
IMG_3526 21__score_6.jpg,6
IMG_3526 22__score_10.jpg,10
IMG_3526 23__score_4.jpg,4
IMG_3526 24__score_4.jpg,4
IMG_3526 25__score_8.jpg,8
IMG_3526 26__score_8.jpg,8
IMG_3526 27__score_9.jpg,9
IMG_3526 28__score_8.jpg,8
IMG_3526 29__score_8.jpg,8
IMG_3526 31__score_9.jpg,9
IMG_3526 33__score_9.jpg,9
IMG_3526 37__score_10.jpg,10
IMG_3526 41__score_10.jpg,10
IMG_3526 43___score_9.jpg,9
IMG_3526 48__score_10.jpg,10
IMG_3526 49__score_7.jpg,7
IMG_3526 50__score_10.jpg,10
IMG_3526 53__score_5.jpg,5
IMG_3526 54__score_4.jpg,4
IMG_3526 55__score_5.jpg,5
IMG_3526 56__score_7.jpg,7
20200516_124330 03__score_1.jpg,1
20200516_124330 04__score_10.jpg,10
20200516_124330 05__score_7.jpg,7
20200516_124330 06__score_10.jpg,10
20200516_124330 07__score_10.jpg,10
20200516_124330 10__score_7.jpg,7
20200516_124330 11__score_10.jpg,10
20200516_124330 14__score_10.jpg,10
20200516_124330 15__score_10.jpg,10
20200516_124330 19__score_4.jpg,4
20200516_124330 20__score_10.jpg,10
20200516_124330 21__score_4.jpg,4
20200516_124330 22__score_3.jpg,3
20200516_124330 23__score_7.jpg,7
20200516_124330 24__score_6.jpg,6
20200516_124330 25__score_3.jpg,3
20200516_124330 27__score_2.jpg,2
20200516_124330 28__score_8.jpg,8
20200516_124330 29__score_10.jpg,10
20200516_124330 30__score_2.jpg,2
20200516_124330 31__score_8.jpg,8
20200516_124330 32__score_10.jpg,10
20200516_124330 33__score_7.jpg,7
20200516_124330 34__score_10.jpg,10
20200516_124330 35__score_10.jpg,10
20200516_124330 36__score_10.jpg,10
20200516_124330 38__score_10.jpg,10
20200516_124330 39__score_4.jpg,4
20200516_124330 42__score_4.jpg,4
20200516_124330 46__score_4.jpg,4
20200516_124330 47__score_4.jpg,4
20200516_124330 49__score_4.jpg,4
20200516_124330 50__score_10.jpg,10
20200516_124330 51__score_2.jpg,2
20200516_124330 52__score_0.jpg,0
20200516_124330 53__score_0.jpg,0
20200516_124330 56__score_6.jpg,6
20200516_124330 58__score_3.jpg,3
20200516_124330 59__score_2.jpg,2
20200516_124330 60__score_6.jpg,6
IMG_2110 01__score_10.jpg,10
IMG_2110 02__score_10.jpg,10
IMG_2110 03__score_7.jpg,7
IMG_2110 04__score_10.jpg,10
IMG_2110 05__score_10.jpg,10
IMG_2110 06__score_10.jpg,10
IMG_2110 07__score_5.jpg,5
IMG_2110 08__score_10.jpg,10
IMG_2110 09__score_10.jpg,10
IMG_2110 10__score_10.jpg,10
IMG_2110 11__score_10.jpg,10
IMG_2110 12__score_10.jpg,10
IMG_2110 13__score_10.jpg,10
IMG_2110 14__score_10.jpg,10
IMG_2110 15__score_10.jpg,10
IMG_2110 16__score_10.jpg,10
IMG_2110 17__score_10.jpg,10
IMG_2110 18__score_10.jpg,10
IMG_2110 19__score_10.jpg,10
IMG_2110 20__score_10.jpg,10
IMG_2110 21__score_10.jpg,10
IMG_2110 22__score_10.jpg,10
IMG_2110 23__score_10.jpg,10
IMG_2110 24__score_10.jpg,10
IMG_2110 25__score_10.jpg,10
IMG_2110 26__score_10.jpg,10
IMG_2110 27__score_10.jpg,10
IMG_2110 28__score_10.jpg,10
IMG_2110 29__score_10.jpg,10
IMG_2110 30__score_4.jpg,4
IMG_2110 31__score_8.jpg,8
IMG_2110 32__score_10.jpg,10
IMG_2110 33__score_9.jpg,9
IMG_2110 34__score_10.jpg,10
IMG_2110 35__score_10.jpg,10
IMG_2110 36__score_10.jpg,10
IMG_2110 37__score_6.jpg,6
IMG_2110 38__score_10.jpg,10
IMG_2110 39__score_9.jpg,9
IMG_2110 40__score_10.jpg,10
My Video 01__score_10.jpg,10
My Video 02__score_10.jpg,10
My Video 03__score_10.jpg,10
My Video 04__score_10.jpg,10
My Video 05__score_10.jpg,10
My Video 06__score_10.jpg,10
My Video 07__score_10.jpg,10
My Video 08__score_10.jpg,10
My Video 09__score_10.jpg,10
My Video 10__score_10.jpg,10
My Video 11__score_10.jpg,10
My Video 12__score_8.jpg,8
My Video 13__score_8.jpg,8
My Video 14__score_10.jpg,10
My Video 15__score_10.jpg,10
My Video 16__score_10.jpg,10
My Video 17__score_8.jpg,8
My Video 18__score_8.jpg,8
My Video 19__score_9.jpg,9
My Video 20__score_9.jpg,9
My Video 21__score_10.jpg,10
My Video 22__score_10.jpg,10
My Video 23__score_3.jpg,3
My Video 24__score_3.jpg,3
My Video 25__score_9.jpg,9
My Video 26__score_10.jpg,10
My Video 27__score_8.jpg,8
My Video 28__score_7.jpg,7
My Video 29__score_10.jpg,10
My Video 30__score_10.jpg,10
My Video 31__score_10.jpg,10
My Video 32__score_10.jpg,10
My Video 33__score_9.jpg,9
My Video 34__score_8.jpg,8
My Video 35__score_9.jpg,9
My Video 36__score_9.jpg,9
My Video 37__score_5.jpg,5
My Video 38__score_4.jpg,4
My Video 39__score_8.jpg,8
My Video 40__score_7.jpg,7
VID_20200516_150006 01__score_8.jpg,8
VID_20200516_150006 02__score_8.jpg,8
VID_20200516_150006 03__score_10.jpg,10
VID_20200516_150006 04__score_10.jpg,10
VID_20200516_150006 05__score_10.jpg,10
VID_20200516_150006 06__score_7.jpg,7
VID_20200516_150006 07__score_10.jpg,10
VID_20200516_150006 08__score_4.jpg,4
VID_20200516_150006 09__score_5.jpg,5
VID_20200516_150006 10__score_5.jpg,5
VID_20200516_150006 11__score_4.jpg,4
VID_20200516_150006 12__score_5.jpg,5
VID_20200516_150006 13__score_7.jpg,7
VID_20200516_150006 14__score_9.jpg,9
VID_20200516_150006 15__score_9.jpg,9
VID_20200516_150006 16__score_4.jpg,4
VID_20200516_150006 17__score_3.jpg,3
VID_20200516_150006 18__score_3.jpg,3
VID_20200516_150006 19__score_7.jpg,7
VID_20200516_150006 20__score_10.jpg,10
VID_20200516_150006 21__score_9.jpg,9
VID_20200516_150006 22__score_2.jpg,2
VID_20200516_150006 23__score_5.jpg,5
VID_20200516_150006 24__score_7.jpg,7
VID_20200516_150006 25__score_7.jpg,7
VID_20200516_150006 26__score_3.jpg,3
VID_20200516_150006 27__score_8.jpg,8
VID_20200516_150006 28__score_1.jpg,1
VID_20200516_150006 29__score_0.jpg,0
VID_20200516_150006 30__score_8.jpg,8
VID_20200516_150006 31__score_8.jpg,8
VID_20200516_150006 32__score_8.jpg,8
VID_20200516_150006 33__score_5.jpg,5
VID_20200516_150006 34__score_1.jpg,1
VID_20200516_150006 35__score_3.jpg,3
VID_20200516_150006 36__score_10.jpg,10
VID_20200516_150006 37__score_10.jpg,10
VID_20200516_150006 38__score_2.jpg,2
VID_20200516_150006 39__score_0.jpg,0
VID_20200516_150006 40__score_9.jpg,9
VID_20200513_234343 01__score_10.jpg,10
VID_20200513_234343 02__score_8.jpg,8
VID_20200513_234343 03__score_9.jpg,9
VID_20200513_234343 04__score_8.jpg,8
VID_20200513_234343 05__score_7.jpg,7
VID_20200513_234343 06__score_8.jpg,8
VID_20200513_234343 07__score_7.jpg,7
VID_20200513_234343 08__score_10.jpg,10
VID_20200513_234343 09__score_10.jpg,10
VID_20200513_234343 10__score_9.jpg,9
VID_20200513_234343 11__score_7.jpg,7
VID_20200513_234343 12__score_5.jpg,5
VID_20200513_234343 13__score_4.jpg,4
VID_20200513_234343 14__score_0.jpg,0
VID_20200513_234343 15__score_7.jpg,7
VID_20200513_234343 16__score_7.jpg,7
VID_20200513_234343 17__score_9.jpg,9
VID_20200513_234343 18__score_0.jpg,0
VID_20200513_234343 19__score_1.jpg,1
VID_20200513_234343 20__score_9.jpg,9
VID_20200513_234343 21__score_9.jpg,9
VID_20200513_234343 22__score_9.jpg,9
VID_20200513_234343 23__score_0.jpg,0
VID_20200513_234343 24__score_10.jpg,10
VID_20200513_234343 25__score_10.jpg,10
VID_20200513_234343 26__score_6.jpg,6
VID_20200513_234343 27__score_10.jpg,10
VID_20200513_234343 28__score_10.jpg,10
VID_20200513_234343 29__score_7.jpg,7
VID_20200513_234343 30__score_0.jpg,0
VID_20200513_234343 31__score_6.jpg,6
VID_20200513_234343 32__score_6.jpg,6
VID_20200513_234343 33__score_7.jpg,7
VID_20200513_234343 34__score_2.jpg,2
VID_20200513_234343 35__score_4.jpg,4
VID_20200513_234343 36__score_1.jpg,1
VID_20200513_234343 37__score_5.jpg,5
VID_20200513_234343 38__score_10.jpg,10
VID_20200513_234343 39__score_10.jpg,10
VID_20200513_234343 40__score_0.jpg,0
VID_20200511_163118 01__score_10.jpg,10
VID_20200511_163118 02__score_10.jpg,10
VID_20200511_163118 03__score_8.jpg,8
VID_20200511_163118 04__score_10.jpg,10
VID_20200511_163118 05__score_10.jpg,10
VID_20200511_163118 06__score_9.jpg,9
VID_20200511_163118 07__score_10.jpg,10
VID_20200511_163118 08__score_10.jpg,10
VID_20200511_163118 09__score_5.jpg,5
VID_20200511_163118 10__score_7.jpg,7
VID_20200511_163118 11__score_10.jpg,10
VID_20200511_163118 12__score_10.jpg,10
VID_20200511_163118 13__score_9.jpg,9
VID_20200511_163118 14__score_10.jpg,10
VID_20200511_163118 15__score_7.jpg,7
VID_20200511_163118 16__score_10.jpg,10
VID_20200511_163118 17__score_10.jpg,10
VID_20200511_163118 18__score_10.jpg,10
VID_20200511_163118 19__score_8.jpg,8
VID_20200511_163118 20__score_7.jpg,7
VID_20200511_163118 21__score_10.jpg,10
VID_20200511_163118 22__score_6.jpg,6
VID_20200511_163118 23__score_10.jpg,10
VID_20200511_163118 24__score_7.jpg,7
VID_20200511_163118 25__score_4.jpg,4
VID_20200511_163118 26__score_1.jpg,1
VID_20200511_163118 27__score_8.jpg,8
VID_20200511_163118 28__score_10.jpg,10
VID_20200511_163118 29__score_10.jpg,10
VID_20200511_163118 30__score_6.jpg,6
VID_20200511_163118 31__score_5.jpg,5
VID_20200511_163118 32__score_0.jpg,0
VID_20200511_163118 33__score_4.jpg,4
VID_20200511_163118 34__score_10.jpg,10
VID_20200511_163118 35 - Copy__score_8.jpg,8
VID_20200511_163118 36__score_9.jpg,9
VID_20200511_163118 37__score_3.jpg,3
VID_20200511_163118 38_score_5,5
VID_20200511_163118 39__score_10.jpg,10
VID_20200511_1631189 35__score_8.jpg,8
VID_20200514_190837 02__score_10.jpg,10
VID_20200514_190837 03__score_10.jpg,10
VID_20200514_190837 04__score_9.jpg,9
VID_20200514_190837 05__score_7.jpg,7
VID_20200514_190837 06__score_7.jpg,7
VID_20200514_190837 08__score_9.jpg,9
VID_20200514_190837 09__score_5.jpg,5
VID_20200514_190837 10__score_10.jpg,10
VID_20200514_190837 11__score_2.jpg,2
VID_20200514_190837 12__score_1.jpg,1
VID_20200514_190837 13__score_7.jpg,7
VID_20200514_190837 14__score_10.jpg,10
VID_20200514_190837 15__score_7.jpg,7
VID_20200514_190837 16__score_10.jpg,10
VID_20200514_190837 17__score_9.jpg,9
VID_20200514_190837 22__score_10.jpg,10
VID_20200514_190837 25__score_4.jpg,4
VID_20200514_190837 26__score_10.jpg,10
VID_20200514_190837 27__score_10.jpg,10
VID_20200514_190837 28__score_10.jpg,10
VID_20200514_190837 29__score_10.jpg,10
VID_20200514_190837 30__score_9.jpg,9
VID_20200514_190837 31__score_7.jpg,7
VID_20200514_190837 32__score_1.jpg,1
VID_20200514_190837 34__score_7.jpg,7
VID_20200514_190837 36__score_10.jpg,10
VID_20200514_190837 38__score_10.jpg,10
VID_20200514_190837 40__score_10.jpg,10
VID_20200514_190837 43__score_8.jpg,8
VID_20200514_190837 44__score_10.jpg,10
VID_20200514_190837 45__score_7.jpg,7
VID_20200514_190837 47__score_10.jpg,10
VID_20200514_190837 49__score_10.jpg,10
VID_20200514_190837 50__score_10.jpg,10
VID_20200514_190837 52__score_3.jpg,3
VID_20200514_190837 53__score_1.jpg,1
VID_20200514_190837 54__score_10.jpg,10
VID_20200514_190837 55__score_6.jpg,6
VID_20200514_190837 57__score_7.jpg,7
VID_20200514_190837 58__score_2.jpg,2
IMG_9727 01__score_10.jpg,10
IMG_9727 03__score_5.jpg,5
IMG_9727 04__score_10.jpg,10
IMG_9727 07__score_10.jpg,10
IMG_9727 08__score_10.jpg,10
IMG_9727 09__score_10.jpg,10
IMG_9727 10__score_10.jpg,10
IMG_9727 11__score_10.jpg,10
IMG_9727 12__score_10.jpg,10
IMG_9727 13__score_10.jpg,10
IMG_9727 14__score_10.jpg,10
IMG_9727 16__score_9.jpg,9
IMG_9727 17__score_9.jpg,9
IMG_9727 18__score_8.jpg,8
IMG_9727 19__score_10.jpg,10
IMG_9727 20__score_10.jpg,10
IMG_9727 21__score_10.jpg,10
IMG_9727 22__score_10.jpg,10
IMG_9727 23__score_10.jpg,10
IMG_9727 24__score_10.jpg,10
IMG_9727 25__score_10.jpg,10
IMG_9727 26__score_10.jpg,10
IMG_9727 27__score_10.jpg,10
IMG_9727 28__score_10.jpg,10
IMG_9727 29__score_10.jpg,10
IMG_9727 30__score_9.jpg,9
IMG_9727 31__score_7.jpg,7
IMG_9727 32__score_8.jpg,8
IMG_9727 33__score_10.jpg,10
IMG_9727 34__score_10.jpg,10
IMG_9727 35__score_10.jpg,10
IMG_9727 36__score_10.jpg,10
IMG_9727 37__score_7.jpg,7
IMG_9727 39__score_10.jpg,10
IMG_9727 43__score_10.jpg,10
IMG_9727 51__score_9.jpg,9
IMG_9727 55__score_10.jpg,10
IMG_9727 56__score_10.jpg,10
IMG_9727 57__score_10.jpg,10
IMG_9727 58__score_10.jpg,10
VID_20200512_154018 03__score_10.jpg,10
VID_20200512_154018 3__score_10.jpg,10
VID_20200512_154018 04__score_10.jpg,10
VID_20200512_154018 05__score_10.jpg,10
VID_20200512_154018 06__score_10.jpg,10
VID_20200512_154018 07__score_10.jpg,10
VID_20200512_154018 08__score_10.jpg,10
VID_20200512_154018 09__score_10.jpg,10
VID_20200512_154018 10__score_10.jpg,10
VID_20200512_154018 11__score_10.jpg,10
VID_20200512_154018 12__score_10.jpg,10
VID_20200512_154018 13__score_10.jpg,10
VID_20200512_154018 14__score_10.jpg,10
VID_20200512_154018 15__score_10.jpg,10
VID_20200512_154018 16__score_10.jpg,10
VID_20200512_154018 17__score_6.jpg,6
VID_20200512_154018 18__score_6.jpg,6
VID_20200512_154018 19__score_3.jpg,3
VID_20200512_154018 20__score_6.jpg,6
VID_20200512_154018 21__score_9.jpg,9
VID_20200512_154018 22__score_9.jpg,9
VID_20200512_154018 23__score_9.jpg,9
VID_20200512_154018 24__score_9.jpg,9
VID_20200512_154018 25__score_9.jpg,9
VID_20200512_154018 26__score_10.jpg,10
VID_20200512_154018 27__score_1.jpg,1
VID_20200512_154018 28__score_2.jpg,2
VID_20200512_154018 29__score_4.jpg,4
VID_20200512_154018 30__score_10.jpg,10
VID_20200512_154018 31__score_10.jpg,10
VID_20200512_154018 32__score_10.jpg,10
VID_20200512_154018 33__score_10.jpg,10
VID_20200512_154018 35__score_10.jpg,10
VID_20200512_154018 36__score_10.jpg,10
VID_20200512_154018 37__score_10.jpg,10
VID_20200512_154018 38__score_10.jpg,10
VID_20200512_154018 39__score_10.jpg,10
VID_20200512_154018 40__score_10.jpg,10
VID_20200512_154018 41__score_8.jpg,8
VID_20200512_154018 42__score_7.jpg,7
__score_9.jpg,9
IMG_E9445 01__score_10.jpg,10
IMG_E9445 02__score_10.jpg,10
IMG_E9445 03__score_10.jpg,10
IMG_E9445 04__score_10.jpg,10
IMG_E9445 06__score_10.jpg,10
IMG_E9445 07__score_10.jpg,10
IMG_E9445 08__score_10.jpg,10
IMG_E9445 09__score_10.jpg,10
IMG_E9445 10__score_10.jpg,10
IMG_E9445 12__score_10.jpg,10
IMG_E9445 14__score_10.jpg,10
IMG_E9445 15__score_10.jpg,10
IMG_E9445 16__score_10.jpg,10
IMG_E9445 19__score_10.jpg,10
IMG_E9445 20__score_10.jpg,10
IMG_E9445 21__score_10.jpg,10
IMG_E9445 23__score_10.jpg,10
IMG_E9445 24__score_10.jpg,10
IMG_E9445 26__score_8.jpg,8
IMG_E9445 27__score_10.jpg,10
IMG_E9445 28__score_9.jpg,9
IMG_E9445 29__score_9.jpg,9
IMG_E9445 31__score_8.jpg,8
IMG_E9445 33__score_7.jpg,7
IMG_E9445 34__score_9.jpg,9
IMG_E9445 35__score_10.jpg,10
IMG_E9445 36__score_7.jpg,7
IMG_E9445 37__score_10.jpg,10
IMG_E9445 39__score_10.jpg,10
IMG_E9445 41__score_6.jpg,6
IMG_E9445 44__score_5.jpg,5
IMG_E9445 46__score_10.jpg,10
IMG_E9445 48__score_9.jpg,9
IMG_E9445 51__score_9.jpg,9
IMG_E9445 52__score_9.jpg,9
IMG_E9445 54__score_7.jpg,7
IMG_E9445 55__score_10.jpg,10
IMG_E9445 56__score_5.jpg,5
IMG_E9445 60__score_10.jpg,10
20200511_011425 01__score_10.jpg,10
20200511_011425 02__score_10.jpg,10
20200511_011425 03__score_10.jpg,1
20200511_011425 04__score_10.jpg,10
20200511_011425 05__score_10.jpg,10
20200511_011425 06__score_6.jpg,6
20200511_011425 07__score_10.jpg,10
20200511_011425 08__score_8.jpg,8
20200511_011425 09__score_10.jpg,10
20200511_011425 10__score_10.jpg,10
20200511_011425 11__score_10.jpg,10
20200511_011425 12__score_10.jpg,10
20200511_011425 13__score_9.jpg,9
20200511_011425 14__score_10.jpg,10
20200511_011425 15__score_10.jpg,10
20200511_011425 16__score_6.jpg,6
20200511_011425 17__score_10.jpg,10
20200511_011425 18__score_10.jpg,10
20200511_011425 19__score_0.jpg,0
20200511_011425 20__score_2.jpg,2
20200511_011425 21__score_2.jpg,2
20200511_011425 22__score_4.jpg,4
20200511_011425 23__score_7.jpg,7
20200511_011425 24__score_10.jpg,10
20200511_011425 25__score_10.jpg,10
20200511_011425 26__score_10.jpg,10
20200511_011425 27__score_10.jpg,10
20200511_011425 28__score_10.jpg,10
20200511_011425 29__score_10.jpg,10
20200511_011425 30__score_10.jpg,10
20200511_011425 31__score_10.jpg,10
20200511_011425 32__score_10.jpg,10
20200511_011425 33__score_10.jpg,10
20200511_011425 34__score_1.jpg,1
20200511_011425 35__score_1.jpg,1
20200511_011425 36__score_10.jpg,10
20200511_011425 37__score_10.jpg,10
20200511_011425 38__score_10.jpg,10
20200511_011425 39__score_10.jpg,10
20200511_011425 40__score_5.jpg,5
WIN_20200513_17_01_19_Pro (1) __score_1.jpg,1
WIN_20200513_17_01_19_Pro (1) 03__score_10.jpg,10
WIN_20200513_17_01_19_Pro (1) 05__score_10.jpg,10
WIN_20200513_17_01_19_Pro (1) 06__score_10.jpg,10
WIN_20200513_17_01_19_Pro (1) 07__score_10.jpg,10
WIN_20200513_17_01_19_Pro (1) 08__score_10.jpg,10
WIN_20200513_17_01_19_Pro (1) 09__score_10.jpg,10
WIN_20200513_17_01_19_Pro (1) 10__score_3.jpg,3
WIN_20200513_17_01_19_Pro (1) 12__score_10.jpg,10
WIN_20200513_17_01_19_Pro (1) 13__score_10.jpg,10
WIN_20200513_17_01_19_Pro (1) 14__score_10.jpg,10
WIN_20200513_17_01_19_Pro (1) 15__score_10.jpg,10
WIN_20200513_17_01_19_Pro (1) 16__score_10.jpg,10
WIN_20200513_17_01_19_Pro (1) 17__score_4.jpg,4
WIN_20200513_17_01_19_Pro (1) 18__score_4.jpg,4
WIN_20200513_17_01_19_Pro (1) 19__score_4.jpg,4
WIN_20200513_17_01_19_Pro (1) 20__score_3.jpg,3
WIN_20200513_17_01_19_Pro (1) 21__score_2.jpg,2
WIN_20200513_17_01_19_Pro (1) 22__score_1.jpg,1
WIN_20200513_17_01_19_Pro (1) 23__score_6.jpg,6
WIN_20200513_17_01_19_Pro (1) 29__score_8.jpg,8
WIN_20200513_17_01_19_Pro (1) 30__score_10.jpg,10
WIN_20200513_17_01_19_Pro (1) 31__score_8.jpg,8
WIN_20200513_17_01_19_Pro (1) 32__score_10.jpg,10
WIN_20200513_17_01_19_Pro (1) 33__score_10.jpg,10
WIN_20200513_17_01_19_Pro (1) 35__score_10.jpg,10
WIN_20200513_17_01_19_Pro (1) 36__score_7.jpg,7
WIN_20200513_17_01_19_Pro (1) 39__score_10.jpg,10
WIN_20200513_17_01_19_Pro (1) 40__score_6.jpg,6
WIN_20200513_17_01_19_Pro (1) 41__score_7.jpg,7
WIN_20200513_17_01_19_Pro (1) 42__score_5.jpg,5
WIN_20200513_17_01_19_Pro (1) 49__score_8.jpg,8
WIN_20200513_17_01_19_Pro (1) 50__score_10.jpg,10
WIN_20200513_17_01_19_Pro (1) 51__score_10.jpg,10
WIN_20200513_17_01_19_Pro (1) 53__score_7.jpg,7
WIN_20200513_17_01_19_Pro (1) 55__score_5.jpg,5
WIN_20200513_17_01_19_Pro (1) 56__score_7.jpg,7
WIN_20200513_17_01_19_Pro (1) 58__score_4.jpg,4
WIN_20200513_17_01_19_Pro (1) 59__score_4.jpg,4
WIN_20200513_17_01_19_Pro (1) 60__score_4.jpg,4
IMG_9479 01__score_10.jpg,10
IMG_9479 02__score_10.jpg,10
IMG_9479 03__score_10.jpg,10
IMG_9479 04__score_1.jpg,1
IMG_9479 05__score_10.jpg,10
IMG_9479 06__score_10.jpg,10
IMG_9479 07__score_10.jpg,10
IMG_9479 08__score_10.jpg,10
IMG_9479 09__score_10.jpg,10
IMG_9479 10__score_7.jpg,7
IMG_9479 11__score_10.jpg,10
IMG_9479 12__score_10.jpg,10
IMG_9479 13__score_10.jpg,10
IMG_9479 14__score_10.jpg,10
IMG_9479 15__score_10.jpg,10
IMG_9479 16__score_10.jpg,10
IMG_9479 17__score_10.jpg,10
IMG_9479 18__score_7.jpg,7
IMG_9479 19__score_7.jpg,7
IMG_9479 20__score_6.jpg,6
IMG_9479 21__score_6.jpg,6
IMG_9479 22__score_10.jpg,10
IMG_9479 23__score_10.jpg,10
IMG_9479 24__score_7.jpg,7
IMG_9479 25__score_8.jpg,8
IMG_9479 26__score_10.jpg,10
IMG_9479 27__score_10.jpg,10
IMG_9479 28__score_10.jpg,10
IMG_9479 29__score_10..jpg,10
IMG_9479 30__score_10.jpg,10
IMG_9479 31__score_7.jpg,7
IMG_9479 32__score_8.jpg,8
IMG_9479 33__score_10.jpg,10
IMG_9479 34__score_10.jpg,10
IMG_9479 35__score_10.jpg,10
IMG_9479 36__score_2.jpg,2
IMG_9479 37__score_10.jpg,10
IMG_9479 38__score_10.jpg,10
IMG_9479 39__score_10.jpg,10
IMG_9479 40__score_5.jpg,5
IMG_3803 100__score_10.jpg,10
IMG_3803 01__score_10.jpg,10
IMG_3803 03__score_7.jpg,7
IMG_3803 04__score_10.jpg,10
IMG_3803 05__score_1.jpg,1
IMG_3803 08__score_6.jpg,6
IMG_3803 09__score_10.jpg,10
IMG_3803 10__score_10.jpg,10
IMG_3803 11__score_10.jpg,10
IMG_3803 17__score_10.jpg,10
IMG_3803 18__score_8.jpg,8
IMG_3803 19__score_10.jpg,10
IMG_3803 21__score_0.jpg,0
IMG_3803 22__score_7.jpg,7
IMG_3803 23__score_5.jpg,5
IMG_3803 24__score_10.jpg,10
IMG_3803 25__score_10.jpg,10
IMG_3803 26__score_1.jpg,1
IMG_3803 30__score_10.jpg,10
IMG_3803 32__score_1.jpg,1
IMG_3803 33__score_1.jpg,1
IMG_3803 34__score_10.jpg,10
IMG_3803 35__score_0.jpg,0
IMG_3803 36__score_1.jpg,1
IMG_3803 37__score_10.jpg,10
IMG_3803 38__score_0.jpg,0
IMG_3803 39__score_4.jpg,4
IMG_3803 41__score_10.jpg,10
IMG_3803 42__score_6.jpg,6
IMG_3803 43__score_0.jpg,0
IMG_3803 44__score_0.jpg,0
IMG_3803 45__score_7.jpg,7
IMG_3803 46__score_10.jpg,10
IMG_3803 52__score_0.jpg,0
IMG_3803 55__score_5.jpg,5
IMG_3803 58__score_1.jpg,1
IMG_3803 59__score_1.jpg,1
IMG_3803 60__score_6.jpg,6
IMG_3803 61__score_10.jpg,10
IMG_3803 63__score_10 -.jpg,10
582391 __score_10.jpg,10
582391 1__score_10.jpg,10
582391 04__score_7.jpg,7
582391 05__score_8.jpg,8
582391 06__score_4.jpg,4
582391 07__score_10.jpg,10
582391 08__score_10.jpg,10
582391 11__score_10.jpg,10
582391 12__score_10.jpg,10
582391 13__score_10.jpg,10
582391 14__score_10.jpg,10
582391 15__score_10.jpg,10
582391 16__score_10.jpg,10
582391 17__score_10.jpg,10
582391 18__score_10.jpg,10
582391 19__score_10.jpg,10
582391 20__score_4.jpg,4
582391 21__score_10.jpg,10
582391 22__score_10.jpg,10
582391 23__score_10.jpg,10
582391 24__score_10.jpg,10
582391 25__score_10.jpg,10
582391 26__score_10.jpg,10
582391 27__score_10.jpg,10
582391 28__score_10.jpg,10
582391 29__score_10.jpg,10
582391 30__score_0.jpg,0
582391 31__score_1.jpg,1
582391 33__score_0.jpg,0
582391 35__score_2.jpg,2
582391 36__score_0.jpg,0
582391 37__score_0.jpg,0
582391 38__score_10.jpg,10
582391 39__score_1.jpg,1
582391 40__score_10.jpg,10
582391 43__score_10.jpg,10
582391 46__score_10.jpg,10
582391 47__score_6.jpg,6
582391 48__score_6.jpg,6
582391 49__score_4.jpg,4
__score_3.jpg,3
20200516_120918_001 01__score_10.jpg,10
20200516_120918_001 02__score_10.jpg,10
20200516_120918_001 03__score_10.jpg,10
20200516_120918_001 04__score_10.jpg,10
20200516_120918_001 05__score_10.jpg,10
20200516_120918_001 06__score_10.jpg,10
20200516_120918_001 07__score_9.jpg,9
20200516_120918_001 08__score_10.jpg,10
20200516_120918_001 09__score_10.jpg,10
20200516_120918_001 10__score_10.jpg,10
20200516_120918_001 11__score_10.jpg,10
20200516_120918_001 12__score_0.jpg,0
20200516_120918_001 13__score_5.jpg,5
20200516_120918_001 14__score_5.jpg,5
20200516_120918_001 15__score_5.jpg,5
20200516_120918_001 16__score_3.jpg,3
20200516_120918_001 17__score_4.jpg,4
20200516_120918_001 18__score_4.jpg,4
20200516_120918_001 19__score_4.jpg,4
20200516_120918_001 20__score_4.jpg,4
20200516_120918_001 21__score_4.jpg,4
20200516_120918_001 23__score_4.jpg,4
20200516_120918_001 24__score_4.jpg,4
20200516_120918_001 25__score_4.jpg,4
20200516_120918_001 26__score_6.jpg,6
20200516_120918_001 27__score_6.jpg,6
20200516_120918_001 28__score_5.jpg,5
20200516_120918_001 29__score_5.jpg,5
20200516_120918_001 30__score_1.jpg,1
20200516_120918_001 31__score_5.jpg,5
20200516_120918_001 32__score_5.jpg,5
20200516_120918_001 33__score_5.jpg,5
20200516_120918_001 34__score_5.jpg,5
20200516_120918_001 35__score_5.jpg,5
20200516_120918_001 36__score_5.jpg,5
20200516_120918_001 37__score_6.jpg,6
20200516_120918_001 38__score_5.jpg,5
20200516_120918_001 39__score_5.jpg,5
20200516_120918_001 41__score_5.jpg,5
__score_7.jpg,7
IMG_3805 02__score_10.jpg,10
IMG_3805 03__score_8.jpg,8
IMG_3805 04__score_9.jpg,9
IMG_3805 05__score_1.jpg,1
IMG_3805 06__score_10.jpg,10
IMG_3805 12__score_10.jpg,10
IMG_3805 13__score_10.jpg,10
IMG_3805 15__score_10.jpg,10
IMG_3805 16__score_10.jpg,10
IMG_3805 18__score_10.jpg,10
IMG_3805 19__score_2.jpg,2
IMG_3805 20__score_5.jpg,5
IMG_3805 21__score_10.jpg,10
IMG_3805 22__score_10.jpg,10
IMG_3805 23__score_10.jpg,10
IMG_3805 26__score_10.jpg,10
IMG_3805 31__score_10.jpg,10
IMG_3805 32__score_10.jpg,10
IMG_3805 33__score_10.jpg,10
IMG_3805 34__score_10.jpg,10
IMG_3805 35__score_0.jpg,0
IMG_3805 37__score_3.jpg,3
IMG_3805 38__score_8.jpg,8
IMG_3805 39__score_10.jpg,10
IMG_3805 40__score_10.jpg,10
IMG_3805 42__score_10.jpg,10
IMG_3805 43__score_0.jpg,0
IMG_3805 44__score_10.jpg,10
IMG_3805 47__score_0.jpg,0
IMG_3805 48__score_10.jpg,10
IMG_3805 50__score_0.jpg,0
IMG_3805 51__score_7.jpg,7
IMG_3805 53__score_10.jpg,10
IMG_3805 54__score_10.jpg,10
IMG_3805 56__score_6.jpg,6
IMG_3805 57__score_10.jpg,10
IMG_3805 58__score_10.jpg,10
IMG_3805 59__score_6.jpg,6
IMG_3805 60__score_5.jpg,5
IMG_3804 03__score_0.jpg,0
IMG_3804 04__score_0.jpg,0
IMG_3804 07__score_1.jpg,1
IMG_3804 08__score_10.jpg,10
IMG_3804 09__score_0.jpg,0
IMG_3804 10__score_0.jpg,0
IMG_3804 13__score_10.jpg,10
IMG_3804 14__score_0.jpg,0
IMG_3804 15__score_0.jpg,0
IMG_3804 16__score_8.jpg,8
IMG_3804 17__score_0.jpg,0
IMG_3804 18__score_2.jpg,2
IMG_3804 20__score_3.jpg,3
IMG_3804 21__score_7.jpg,7
IMG_3804 23__score_0.jpg,0
IMG_3804 24__score_5.jpg,5
IMG_3804 25__score_8.jpg,8
IMG_3804 26__score_0.jpg,0
IMG_3804 27__score_3.jpg,3
IMG_3804 28__score_0.jpg,0
IMG_3804 29__score_0.jpg,0
IMG_3804 32__score_10.jpg,10
IMG_3804 33__score_8.jpg,8
IMG_3804 34__score_10.jpg,10
IMG_3804 35__score_10.jpg,10
IMG_3804 37__score_0.jpg,0
IMG_3804 38__score_10.jpg,10
IMG_3804 39__score_10.jpg,10
IMG_3804 40__score_2.jpg,2
IMG_3804 42__score_7.jpg,7
IMG_3804 43__score_10.jpg,10
IMG_3804 46__score_10.jpg,10
IMG_3804 49__score_10.jpg,10
IMG_3804 51__score_7.jpg,7
IMG_3804 52__score_0.jpg,0
IMG_3804 53__score_7.jpg,7
IMG_3804 58__score_0.jpg,0
IMG_3804 59__score_10.jpg,10
IMG_3804 60__score_10.jpg,10
IMG_3804 61__score_4.jpg,4
20200517_123357 02__score_10.jpg,10
20200517_123357 03__score_7.jpg,7
20200517_123357 04__score_7.jpg,7
20200517_123357 05__score_10.jpg,10
20200517_123357 06__score_6.jpg,6
20200517_123357 07__score_10.jpg,10
20200517_123357 08__score_10.jpg,10
20200517_123357 09__score_10.jpg,10
20200517_123357 10__score_10.jpg,10
20200517_123357 11__score_5.jpg,5
20200517_123357 12__score_10.jpg,10
20200517_123357 13__score_10.jpg,10
20200517_123357 14__score_10.jpg,10
20200517_123357 15__score_1.jpg,1
20200517_123357 16__score_10.jpg,10
20200517_123357 17__score_10.jpg,10
20200517_123357 18__score_10.jpg,10
20200517_123357 19__score_10.jpg,10
20200517_123357 20__score_10.jpg,10
20200517_123357 21__score_10.jpg,10
20200517_123357 22__score_10.jpg,10
20200517_123357 23__score_10.jpg,10
20200517_123357 24__score_10.jpg,10
20200517_123357 25__score_10.jpg,10
20200517_123357 26__score_10.jpg,10
20200517_123357 27__score_10.jpg,10
20200517_123357 28__score_10.jpg,10
20200517_123357 29__score_10.jpg,10
20200517_123357 30__score_10.jpg,10
20200517_123357 31__score_10.jpg,10
20200517_123357 32__score_10.jpg,10
20200517_123357 33__score_10.jpg,10
20200517_123357 34__score_10.jpg,10
20200517_123357 35__score_10.jpg,10
20200517_123357 36__score_10.jpg,10
20200517_123357 37__score_0.jpg,0
20200517_123357 38__score_10.jpg,10
20200517_123357 39__score_10.jpg,10
20200517_123357 40__score_10.jpg,10
20200517_123357 42__score_10.jpg,10
IMG_E1379 01__score_10.jpg,10
IMG_E1379 02__score_10.jpg,10
IMG_E1379 03__score_10.jpg,10
IMG_E1379 04__score_10.jpg,10
IMG_E1379 05__score_10.jpg,10
IMG_E1379 06__score_10.jpg,10
IMG_E1379 07__score_10.jpg,10
IMG_E1379 08__score_10.jpg,10
IMG_E1379 09__score_9.jpg,9
IMG_E1379 10__score_9.jpg,9
IMG_E1379 11__score_9.jpg,9
IMG_E1379 12__score_10.jpg,10
IMG_E1379 13__score_10.jpg,10
IMG_E1379 14__score_10.jpg,10
IMG_E1379 15__score_10.jpg,10
IMG_E1379 16__score_7.jpg,7
IMG_E1379 17__score_10.jpg,10
IMG_E1379 18__score_10.jpg,10
IMG_E1379 19__score_8.jpg,8
IMG_E1379 20__score_10.jpg,10
IMG_E1379 21__score_10.jpg,10
IMG_E1379 22__score_10.jpg,10
IMG_E1379 23__score_10.jpg,10
IMG_E1379 24__score_10.jpg,10
IMG_E1379 25__score_10.jpg,10
IMG_E1379 26__score_7.jpg,7
IMG_E1379 27__score_4.jpg,4
IMG_E1379 28__score_8.jpg,8
IMG_E1379 29__score_10.jpg,10
IMG_E1379 30__score_10.jpg,10
IMG_E1379 31__score_10.jpg,10
IMG_E1379 32__score_10.jpg,10
IMG_E1379 33__score_10.jpg,10
IMG_E1379 34__score_10.jpg,10
IMG_E1379 35__score_10.jpg,10
IMG_E1379 36__score_10.jpg,10
IMG_E1379 37__score_1.jpg,1
IMG_E1379 38__score_7.jpg,7
IMG_E1379 39__score_10.jpg,10
IMG_E1379 70__score_10.jpg,10
WIN_20200516_15_02_02_Pro 04__score_10.jpg,10
WIN_20200516_15_02_02_Pro 05__score_10.jpg,10
WIN_20200516_15_02_02_Pro 06__score_10.jpg,10
WIN_20200516_15_02_02_Pro 08__score_10.jpg,10
WIN_20200516_15_02_02_Pro 09__score_10.jpg,10
WIN_20200516_15_02_02_Pro 10__score_10.jpg,10
WIN_20200516_15_02_02_Pro 11__score_10.jpg,10
WIN_20200516_15_02_02_Pro 12__score_10.jpg,10
WIN_20200516_15_02_02_Pro 13__score_10.jpg,10
WIN_20200516_15_02_02_Pro 14__score_10.jpg,10
WIN_20200516_15_02_02_Pro 17__score_10.jpg,10
WIN_20200516_15_02_02_Pro 21__score_10.jpg,10
WIN_20200516_15_02_02_Pro 22__score_10.jpg,10
WIN_20200516_15_02_02_Pro 23__score_10.jpg,10
WIN_20200516_15_02_02_Pro 25__score_10.jpg,10
WIN_20200516_15_02_02_Pro 27__score_10.jpg,10
WIN_20200516_15_02_02_Pro 28__score_8.jpg,8
WIN_20200516_15_02_02_Pro 29__score_10.jpg,10
WIN_20200516_15_02_02_Pro 30__score_10.jpg,10
WIN_20200516_15_02_02_Pro 31__score_10.jpg,10
WIN_20200516_15_02_02_Pro 32__score_6.jpg,6
WIN_20200516_15_02_02_Pro 33__score_10.jpg,10
WIN_20200516_15_02_02_Pro 34__score_10.jpg,10
WIN_20200516_15_02_02_Pro 35__score_0.jpg,0
WIN_20200516_15_02_02_Pro 36__score_9.jpg,9
WIN_20200516_15_02_02_Pro 37__score_9.jpg,9
WIN_20200516_15_02_02_Pro 38__score_1.jpg,1
WIN_20200516_15_02_02_Pro 40__score_10.jpg,10
WIN_20200516_15_02_02_Pro 41__score_7.jpg,7
WIN_20200516_15_02_02_Pro 42__score_7.jpg,7
WIN_20200516_15_02_02_Pro 43__score_0.jpg,0
WIN_20200516_15_02_02_Pro 44__score_8.jpg,8
WIN_20200516_15_02_02_Pro 45__score_10.jpg,10
WIN_20200516_15_02_02_Pro 46__score_10.jpg,10
WIN_20200516_15_02_02_Pro 47__score_1.jpg,1
WIN_20200516_15_02_02_Pro 48__score_10.jpg,10
WIN_20200516_15_02_02_Pro 50__score_10.jpg,10
WIN_20200516_15_02_02_Pro 51__score_10.jpg,10
WIN_20200516_15_02_02_Pro 52__score_10.jpg,10
WIN_20200516_15_02_02_Pro 53__score_10.jpg,10
WIN_20200516_09_53_08_Pro 01__score_10.jpg,10
WIN_20200516_09_53_08_Pro 03__score_0.jpg,0
WIN_20200516_09_53_08_Pro 05__score_0.jpg,0
WIN_20200516_09_53_08_Pro 06__score_1.jpg,1
WIN_20200516_09_53_08_Pro 07__score_5.jpg,5
WIN_20200516_09_53_08_Pro 08__score_1.jpg,1
WIN_20200516_09_53_08_Pro 09__score_1.jpg,1
WIN_20200516_09_53_08_Pro 10__score_3.jpg,3
WIN_20200516_09_53_08_Pro 11__score_0.jpg,0
WIN_20200516_09_53_08_Pro 12__score_0.jpg,0
WIN_20200516_09_53_08_Pro 13__score_1.jpg,1
WIN_20200516_09_53_08_Pro 14__score_2.jpg,2
WIN_20200516_09_53_08_Pro 15__score_10.jpg,10
WIN_20200516_09_53_08_Pro 16__score_10.jpg,10
WIN_20200516_09_53_08_Pro 17__score_10.jpg,10
WIN_20200516_09_53_08_Pro 18__score_10.jpg,10
WIN_20200516_09_53_08_Pro 19__score_10.jpg,10
WIN_20200516_09_53_08_Pro 20__score_10.jpg,10
WIN_20200516_09_53_08_Pro 22__score_10.jpg,10
WIN_20200516_09_53_08_Pro 23__score_1.jpg,1
WIN_20200516_09_53_08_Pro 24__score_10.jpg,10
WIN_20200516_09_53_08_Pro 25__score_1.jpg,1
WIN_20200516_09_53_08_Pro 26__score_1.jpg,1
WIN_20200516_09_53_08_Pro 27__score_4.jpg,4
WIN_20200516_09_53_08_Pro 28__score_3.jpg,3
WIN_20200516_09_53_08_Pro 29__score_10.jpg,10
WIN_20200516_09_53_08_Pro 31__score_10.jpg,10
WIN_20200516_09_53_08_Pro 32__score_4.jpg,4
WIN_20200516_09_53_08_Pro 33__score_10.jpg,10
WIN_20200516_09_53_08_Pro 34__score_10.jpg,10
WIN_20200516_09_53_08_Pro 35__score_0.jpg,0
WIN_20200516_09_53_08_Pro 36__score_0.jpg,0
WIN_20200516_09_53_08_Pro 38__score_0.jpg,0
WIN_20200516_09_53_08_Pro 39__score_0.jpg,0
WIN_20200516_09_53_08_Pro 41__score_0.jpg,0
WIN_20200516_09_53_08_Pro 42__score_1.jpg,1
WIN_20200516_09_53_08_Pro 44__score_1.jpg,1
WIN_20200516_09_53_08_Pro 45__score_7.jpg,7
WIN_20200516_09_53_08_Pro 46__score_0.jpg,0
WIN_20200516_09_53_08_Pro 47__score_8.jpg,8
2__score_10.jpg,10
VID_20200516_004446 01__score_10.jpg,10
VID_20200516_004446 03__score_9.jpg,9
VID_20200516_004446 04__score_10.jpg,10
VID_20200516_004446 06__score_5.jpg,5
VID_20200516_004446 07__score_7.jpg,7
VID_20200516_004446 10__score_10.jpg,10
VID_20200516_004446 11__score_10.jpg,10
VID_20200516_004446 12__score_5.jpg,5
VID_20200516_004446 13__score_5.jpg,5
VID_20200516_004446 14__score_5.jpg,5
VID_20200516_004446 15__score_5.jpg,5
VID_20200516_004446 16__score_10.jpg,10
VID_20200516_004446 17__score_10.jpg,10
VID_20200516_004446 18__score_10.jpg,10
VID_20200516_004446 19__score_7.jpg,7
VID_20200516_004446 20__score_5.jpg,5
VID_20200516_004446 21__score_4.jpg,4
VID_20200516_004446 22__score_10.jpg,10
VID_20200516_004446 23__score_10.jpg,10
VID_20200516_004446 24__score_10.jpg,10
VID_20200516_004446 25__score_8.jpg,8
VID_20200516_004446 26__score_5.jpg,5
VID_20200516_004446 27__score_10.jpg,10
VID_20200516_004446 28__score_10.jpg,10
VID_20200516_004446 30__score_10.jpg,10
VID_20200516_004446 32__score_10.jpg,10
VID_20200516_004446 33__score_0.jpg,0
VID_20200516_004446 34__score_5.jpg,5
VID_20200516_004446 35__score_10.jpg,10
VID_20200516_004446 36__score_0.jpg,0
VID_20200516_004446 39__score_5.jpg,5
VID_20200516_004446 40__score_8.jpg,8
VID_20200516_004446 41__score_7.jpg,7
VID_20200516_004446 42__score_0.jpg,0
VID_20200516_004446 43__score_10.jpg,10
VID_20200516_004446 45__score_5.jpg,5
VID_20200516_004446 46__score_10.jpg,10
VID_20200516_004446 48__score_10.jpg,10
VID_20200516_004446 50__score_5.jpg,5
__score_10.jpg,10
VID_20200512_172100 02__score_10.jpg,10
VID_20200512_172100 03__score_7.jpg,7
VID_20200512_172100 05__score_5.jpg,5
VID_20200512_172100 06__score_10.jpg,10
VID_20200512_172100 07__score_6.jpg,6
VID_20200512_172100 10__score_1.jpg,1
VID_20200512_172100 11__score_3.jpg,3
VID_20200512_172100 12__score_10.jpg,10
VID_20200512_172100 14__score_7.jpg,7
VID_20200512_172100 16__score_5.jpg,5
VID_20200512_172100 17__score_5.jpg,5
VID_20200512_172100 18__score_8.jpg,8
VID_20200512_172100 19__score_8.jpg,8
VID_20200512_172100 20__score_1.jpg,1
VID_20200512_172100 21__score_2.jpg,2
VID_20200512_172100 23__score_10.jpg,10
VID_20200512_172100 25__score_0.jpg,0
VID_20200512_172100 26__score_9.jpg,9
VID_20200512_172100 27__score_10.jpg,10
VID_20200512_172100 28__score_10.jpg,10
VID_20200512_172100 29__score_1.jpg,1
VID_20200512_172100 30__score_10.jpg,10
VID_20200512_172100 31__score_10.jpg,10
VID_20200512_172100 32__score_10.jpg,10
VID_20200512_172100 34__score_8.jpg,8
VID_20200512_172100 35__score_8.jpg,8
VID_20200512_172100 37__score_9.jpg,9
VID_20200512_172100 38__score_5.jpg,5
VID_20200512_172100 39__score_10.jpg,10
VID_20200512_172100 40__score_5.jpg,5
VID_20200512_172100 41__score_9.jpg,9
VID_20200512_172100 42__score_10.jpg,10
VID_20200512_172100 44__score_7.jpg,7
VID_20200512_172100 45__score_9.jpg,9
VID_20200512_172100 46__score_10.jpg,10
VID_20200512_172100 47__score_10.jpg,10
VID_20200512_172100 48__score_7.jpg,7
VID_20200512_172100 49__score_7.jpg,7
VID_20200512_172100 50__score_6.jpg,6
VID_20200511_193435 01__score_10.jpg,10
VID_20200511_193435 07__score_10.jpg,10
VID_20200511_193435 08__score_10.jpg,10
VID_20200511_193435 10__score_10.jpg,10
VID_20200511_193435 11__score_1.jpg,1
VID_20200511_193435 13__score_1.jpg,1
VID_20200511_193435 14__score_2.jpg,2
VID_20200511_193435 15__score_10.jpg,10
VID_20200511_193435 17__score_10.jpg,10
VID_20200511_193435 18__score_8.jpg,8
VID_20200511_193435 19__score_10.jpg,10
VID_20200511_193435 21__score_0.jpg,0
VID_20200511_193435 22__score_10.jpg,10
VID_20200511_193435 23__score_0.jpg,0
VID_20200511_193435 25__score_10.jpg,10
VID_20200511_193435 27__score_10.jpg,10
VID_20200511_193435 32__score_10.jpg,10
VID_20200511_193435 33__score_10.jpg,10
VID_20200511_193435 35__score_10.jpg,10
VID_20200511_193435 36__score_10.jpg,10
VID_20200511_193435 37__score_10.jpg,10
VID_20200511_193435 38__score_10.jpg,10
VID_20200511_193435 39__score_10.jpg,10
VID_20200511_193435 42__score_10.jpg,10
VID_20200511_193435 43__score_10.jpg,10
VID_20200511_193435 44__score_10.jpg,10
VID_20200511_193435 45__score_0.jpg,0
VID_20200511_193435 46__score_0.jpg,0
VID_20200511_193435 47__score_0.jpg,0
VID_20200511_193435 48__score_1.jpg,1
VID_20200511_193435 49__score_8.jpg,8
VID_20200511_193435 51__score_10.jpg,10
VID_20200511_193435 52__score_10.jpg,10
VID_20200511_193435 54__score_10.jpg,10
VID_20200511_193435 56__score_10.jpg,10
VID_20200511_193435 57__score_10.jpg,10
VID_20200511_193435 58__score_5.jpg,5
VID_20200511_193435 59__score_8.jpg,8
VID_20200511_193435 60__score_5.jpg,5
VID_20200511_193435 64__score_10.jpg,10
VID_20200510_123708 06__score_10.jpg,10
VID_20200510_123708 07__score_1.jpg,1
VID_20200510_123708 08__score_10.jpg,10
VID_20200510_123708 09__score_10.jpg,10
VID_20200510_123708 10__score_10.jpg,10
VID_20200510_123708 11__score_10.jpg,10
VID_20200510_123708 13__score_10.jpg,10
VID_20200510_123708 14__score_10.jpg,10
VID_20200510_123708 15__score_10.jpg,10
VID_20200510_123708 16__score_8.jpg,8
VID_20200510_123708 17__score_7.jpg,7
VID_20200510_123708 18__score_10.jpg,10
VID_20200510_123708 20__score_1.jpg,1
VID_20200510_123708 22__score_10.jpg,10
VID_20200510_123708 24__score_9.jpg,9
VID_20200510_123708 27__score_10.jpg,10
VID_20200510_123708 28__score_10.jpg,10
VID_20200510_123708 29__score_6.jpg,6
VID_20200510_123708 30__score_10.jpg,10
VID_20200510_123708 31__score_1.jpg,1
VID_20200510_123708 32__score_10.jpg,10
VID_20200510_123708 37__score_0.jpg,0
VID_20200510_123708 38__score_10.jpg,10
VID_20200510_123708 39__score_3.jpg,3
VID_20200510_123708 41__score_1.jpg,1
VID_20200510_123708 43__score_9.jpg,9
VID_20200510_123708 44__score_4.jpg,4
VID_20200510_123708 45__score_10.jpg,10
VID_20200510_123708 46__score_10.jpg,10
VID_20200510_123708 48__score_0.jpg,0
VID_20200510_123708 49__score_1.jpg,1
VID_20200510_123708 50__score_10.jpg,10
VID_20200510_123708 51__score_10.jpg,10
VID_20200510_123708 52__score_10.jpg,10
VID_20200510_123708 53__score_10.jpg,10
VID_20200510_123708 54__score_10.jpg,10
VID_20200510_123708 55__score_10.jpg,10
VID_20200510_123708 58__score_10.jpg,10
VID_20200510_123708 59__score_10.jpg,10
VID_20200510_123708 61__score_0.jpg,0
Untitled 2 01__score_10.jpg,10
Untitled 2 02__score_10..jpg,10
Untitled 2 03__score_10.jpg,10
Untitled 2 04__score_10.jpg,10
Untitled 2 05__score_10.jpg,10
Untitled 2 06__score_10.jpg,10
Untitled 2 07__score_7.jpg,7
Untitled 2 08__score_10.jpg,10
Untitled 2 09__score_10.jpg,10
Untitled 2 10__score_10.jpg,10
Untitled 2 11__score_8.jpg,8
Untitled 2 12__score_10.jpg,10
Untitled 2 13__score_10.jpg,10
Untitled 2 14__score_3.jpg,3
Untitled 2 15__score_10.jpg,10
Untitled 2 16__score_10.jpg,10
Untitled 2 17__score_10.jpg,10
Untitled 2 18__score_7.jpg,7
Untitled 2 19__score_7.jpg,7
Untitled 2 20__score_7.jpg,7
Untitled 2 21__score_5.jpg,5
Untitled 2 22__score_5.jpg,5
Untitled 2 23__score_10.jpg,10
Untitled 2 24__score_10.jpg,10
Untitled 2 25__score_7.jpg,7
Untitled 2 26__score_7.jpg,7
Untitled 2 27__score_7.jpg,7
Untitled 2 28__score_7.jpg,7
Untitled 2 29__score_7.jpg,7
Untitled 2 30__score_0.jpg,0
Untitled 2 31__score_10.jpg,10
Untitled 2 32__score_10.jpg,10
Untitled 2 33__score_10.jpg,10
Untitled 2 34__score_9.jpg,9
Untitled 2 35__score_5.jpg,5
Untitled 2 36__score_4.jpg,4
Untitled 2 37__score_10.jpg,10
Untitled 2 38__score_7.jpg,7
Untitled 2 39__score_3.jpg,3
Untitled 2 40__score_10.jpg,10
piyuz 04__score_10.jpg,10
piyuz 06__score_10.jpg,10
piyuz 07__score_10.jpg,10
piyuz 08__score_10.jpg,10
piyuz 10__score_10.jpg,10
piyuz 11__score_4.jpg,4
piyuz 13__score_7.jpg,7
piyuz 14__score_9.jpg,9
piyuz 15__score_0.jpg,0
piyuz 16__score_0.jpg,0
piyuz 17__score_10.jpg,10
piyuz 19__score_10.jpg,10
piyuz 20__score_9.jpg,9
piyuz 22__score_10.jpg,10
piyuz 23__score_10.jpg,10
piyuz 24__score_8.jpg,8
piyuz 25__score_10.jpg,10
piyuz 26__score_10.jpg,10
piyuz 27__score_10.jpg,10
piyuz 29__score_10.jpg,10
piyuz 30__score_10.jpg,10
piyuz 32__score_10.jpg,10
piyuz 33__score_1.jpg,1
piyuz 36__score_10.jpg,10
piyuz 37__score_8.jpg,8
piyuz 38__score_8.jpg,8
piyuz 39__score_0.jpg,0
piyuz 40__score_0.jpg,0
piyuz 41__score_10.jpg,10
piyuz 43__score_10.jpg,10
piyuz 44__score_10.jpg,10
piyuz 45__score_10.jpg,10
piyuz 46__score_4.jpg,4
piyuz 47__score_10.jpg,10
piyuz 48__score_10.jpg,10
piyuz 49__score_9.jpg,9
piyuz 50__score_10.jpg,10
piyuz 51__score_10.jpg,10
piyuz 52__score_10.jpg,10
piyuz 53__score_10.jpg,10
New_video_1 01__score_10.jpg,10
New_video_1 04__score_10.jpg,10
New_video_1 05__score_10.jpg,10
New_video_1 08__score_10.jpg,10
New_video_1 09__score_9.jpg,9
New_video_1 10__score_10.jpg,10
New_video_1 11__score_7.jpg,7
New_video_1 12__score_10.jpg,10
New_video_1 13__score_10.jpg,10
New_video_1 14__score_5.jpg,5
New_video_1 15__score_10.jpg,10
New_video_1 16__score_10.jpg,10
New_video_1 21__score_10.jpg,10
New_video_1 22__score_0.jpg,0
New_video_1 23__score_0.jpg,0
New_video_1 25__score_0.jpg,0
New_video_1 26__score_10.jpg,10
New_video_1 27__score_10.jpg,10
New_video_1 28__score_6.jpg,6
New_video_1 29__score_10.jpg,10
New_video_1 31__score_10.jpg,10
New_video_1 32__score_10.jpg,10
New_video_1 33__score_10.jpg,10
New_video_1 34__score_10.jpg,10
New_video_1 35__score_10.jpg,10
New_video_1 36__score_6.jpg,6
New_video_1 37__score_4.jpg,4
New_video_1 38__score_10.jpg,10
New_video_1 39__score_0.jpg,0
New_video_1 40__score_0.jpg,0
New_video_1 41__score_3.jpg,3
New_video_1 42__score_10.jpg,10
New_video_1 43__score_10.jpg,10
New_video_1 44__score_0.jpg,0
New_video_1 45__score_10.jpg,10
New_video_1 46__score_1.jpg,1
New_video_1 47__score_10.jpg,10
New_video_1 48__score_10.jpg,10
New_video_1 49__score_0.jpg,0
New_video_1 50__score_10.jpg,10
IMG_8854 02__score_5.jpg,5
IMG_8854 03__score_5.jpg,5
IMG_8854 04__score_0.jpg,0
IMG_8854 05__score_8.jpg,8
IMG_8854 07__score_10.jpg,10
IMG_8854 08__score_6.jpg,6
IMG_8854 09__score_5.jpg,5
IMG_8854 10__score_4.jpg,4
IMG_8854 11__score_7.jpg,7
IMG_8854 12__score_10.jpg,10
IMG_8854 13__score_7.jpg,7
IMG_8854 14__score_10.jpg,10
IMG_8854 15__score_10.jpg,10
IMG_8854 16__score_0.jpg,0
IMG_8854 17__score_5.jpg,5
IMG_8854 18__score_10.jpg,10
IMG_8854 19__score_10.jpg,10
IMG_8854 20__score_10.jpg,10
IMG_8854 21__score_10.jpg,10
IMG_8854 23__score_6.jpg,6
IMG_8854 24__score_4.jpg,4
IMG_8854 25__score_0.jpg,0
IMG_8854 26__score_0.jpg,0
IMG_8854 27__score_0.jpg,0
IMG_8854 28__score_10.jpg,10
IMG_8854 30__score_9.jpg,9
IMG_8854 31__score_6.jpg,6
IMG_8854 34__score_1.jpg,1
IMG_8854 35__score_4.jpg,4
IMG_8854 36__score_0.jpg,0
IMG_8854 37__score_7.jpg,7
IMG_8854 38__score_3.jpg,3
IMG_8854 39__score_7.jpg,7
IMG_8854 41__score_3.jpg,3
IMG_8854 44__score_10.jpg,10
IMG_8854 45__score_8.jpg,8
IMG_8854 46__score_10.jpg,10
IMG_8854 47__score_0.jpg,0
IMG_8854 48__score_10.jpg,10
IMG_8854 438__score_5.jpg,5
IMG_4201 01__score_10.jpg,10
IMG_4201 02__score_10.jpg,10
IMG_4201 03__score_1.jpg,1
IMG_4201 04__score_0.jpg,0
IMG_4201 05__score_6.jpg,6
IMG_4201 06__score_0.jpg,0
IMG_4201 07__score_1.jpg,1
IMG_4201 08__score_4.jpg,4
IMG_4201 09__score_10.jpg,10
IMG_4201 10__score_10.jpg,10
IMG_4201 11__score_10.jpg,10
IMG_4201 12__score_5.jpg,5
IMG_4201 13__score_5.jpg,5
IMG_4201 14__score_10.jpg,10
IMG_4201 15__score_10.jpg,10
IMG_4201 16__score_10.jpg,10
IMG_4201 17__score_10.jpg,10
IMG_4201 18__score_7.jpg,7
IMG_4201 19__score_7.jpg,7
IMG_4201 20__score_7.jpg,7
IMG_4201 21__score_0.jpg,0
IMG_4201 22__score_0.jpg,0
IMG_4201 23__score_0.jpg,0
IMG_4201 24__score_7.jpg,7
IMG_4201 25__score_6.jpg,6
IMG_4201 26__score_10.jpg,10
IMG_4201 27__score_3.jpg,3
IMG_4201 28__score_1.jpg,1
IMG_4201 29__score_0.jpg,0
IMG_4201 30__score_9.jpg,9
IMG_4201 31__score_5.jpg,5
IMG_4201 32__score_10.jpg,10
IMG_4201 33__score_1.jpg,1
IMG_4201 34__score_3.jpg,3
IMG_4201 35__score_0.jpg,0
IMG_4201 36__score_10.jpg,10
IMG_4201 37__score_10.jpg,10
IMG_4201 38__score_10.jpg,10
IMG_4201 39__score_10.jpg,10
IMG_4201 40__score_10.jpg,10
Gayan_Research 01__score_10.jpg,10
Gayan_Research 02__score_10.jpg,10
Gayan_Research 03__score_10.jpg,10
Gayan_Research 04__score_10.jpg,10
Gayan_Research 05__score_10.jpg,10
Gayan_Research 06__score_10.jpg,10
Gayan_Research 07__score_10.jpg,10
Gayan_Research 08__score_10.jpg,10
Gayan_Research 09__score_6.jpg,6
Gayan_Research 10__score_5.jpg,5
Gayan_Research 11__score_6.jpg,6
Gayan_Research 12__score_10.jpg,10
Gayan_Research 13__score_10.jpg,10
Gayan_Research 14__score_10.jpg,10
Gayan_Research 15__score_9.jpg,9
Gayan_Research 16__score_10.jpg,10
Gayan_Research 17__score_10.jpg,10
Gayan_Research 18__score_3.jpg,3
Gayan_Research 19__score_3.jpg,3
Gayan_Research 20__score_6.jpg,6
Gayan_Research 21__score_6.jpg,6
Gayan_Research 22__score_10.jpg,10
Gayan_Research 23__score_10.jpg,10
Gayan_Research 24__score_10.jpg,10
Gayan_Research 25__score_10.jpg,10
Gayan_Research 26__score_10.jpg,10
Gayan_Research 27__score_1.jpg,1
Gayan_Research 28__score_10.jpg,10
Gayan_Research 29__score_5.jpg,5
Gayan_Research 30__score_7.jpg,7
Gayan_Research 31__score_10.jpg,10
Gayan_Research 32__score_4.jpg,4
Gayan_Research 33__score_8.jpg,8
Gayan_Research 34__score_10.jpg,10
Gayan_Research 35__score_8.jpg,8
Gayan_Research 37__score_0.jpg,0
Gayan_Research 38__score_0.jpg,0
Gayan_Research 39__score_10.jpg,10
Gayan_Research 40__score_5.jpg,5
Gayan_Research 41__score_10.jpg,10
Gaiyya 03__score_10.jpg,10
Gaiyya 04__score_10.jpg,10
Gaiyya 05__score_10.jpg,10
Gaiyya 06__score_10.jpg,10
Gaiyya 07__score_10.jpg,10
Gaiyya 08__score_10.jpg,10
Gaiyya 09__score_10.jpg,10
Gaiyya 10__score_7.jpg,7
Gaiyya 12__score_10.jpg,10
Gaiyya 13__score_10.jpg,10
Gaiyya 14__score_10.jpg,10
Gaiyya 15__score_10.jpg,10
Gaiyya 16__score_10.jpg,10
Gaiyya 17__score_10.jpg,10
Gaiyya 18__score_10.jpg,10
Gaiyya 19__score_10.jpg,10
Gaiyya 20__score_10.jpg,10
Gaiyya 21__score_10.jpg,10
Gaiyya 22__score_7.jpg,7
Gaiyya 24__score_10.jpg,10
Gaiyya 27__score_10.jpg,10
Gaiyya 28__score_0.jpg,0
Gaiyya 29__score_10.jpg,10
Gaiyya 31__score_10.jpg,10
Gaiyya 32__score_10.jpg,10
Gaiyya 33__score_10.jpg,10
Gaiyya 34__score_10.jpg,10
Gaiyya 35__score_10.jpg,10
Gaiyya 36__score_10.jpg,10
Gaiyya 37__score_10.jpg,10
Gaiyya 38__score_10.jpg,10
Gaiyya 39__score_10.jpg,10
Gaiyya 40__score_10.jpg,10
Gaiyya 41__score_10.jpg,10
Gaiyya 42__score_10.jpg,10
Gaiyya 43__score_10.jpg,10
Gaiyya 45__score_0.jpg,0
Gaiyya 47__score_10.jpg,10
Gaiyya 49__score_10.jpg,10
Gaiyya 50__score_10.jpg,10
FormatFactory20200515_224827 01__score_10.jpg,10
FormatFactory20200515_224827 02__score_10.jpg,10
FormatFactory20200515_224827 03__score_5.jpg,5
FormatFactory20200515_224827 05__score_2.jpg,2
FormatFactory20200515_224827 06__score_1.jpg,1
FormatFactory20200515_224827 07__score_1.jpg,1
FormatFactory20200515_224827 08__score_8.jpg,8
FormatFactory20200515_224827 10__score_10.jpg,10
FormatFactory20200515_224827 11__score_7.jpg,7
FormatFactory20200515_224827 12__score_10.jpg,10
FormatFactory20200515_224827 13__score_10.jpg,10
FormatFactory20200515_224827 15__score_10.jpg,10
FormatFactory20200515_224827 16__score_10.jpg,10
FormatFactory20200515_224827 17__score_6.jpg,6
FormatFactory20200515_224827 19__score_4.jpg,4
FormatFactory20200515_224827 20__score_10.jpg,10
FormatFactory20200515_224827 21__score_10.jpg,10
FormatFactory20200515_224827 22__score_5.jpg,5
FormatFactory20200515_224827 23__score_5.jpg,5
FormatFactory20200515_224827 24__score_5.jpg,5
FormatFactory20200515_224827 25__score_5.jpg,5
FormatFactory20200515_224827 26__score_5.jpg,5
FormatFactory20200515_224827 27__score_3.jpg,3
FormatFactory20200515_224827 28__score_5.jpg,5
FormatFactory20200515_224827 29__score_0.jpg,0
FormatFactory20200515_224827 30__score_0.jpg,0
FormatFactory20200515_224827 31__score_1.jpg,1
FormatFactory20200515_224827 33__score_0.jpg,0
FormatFactory20200515_224827 35__score_0.jpg,0
FormatFactory20200515_224827 37__score_0.jpg,0
FormatFactory20200515_224827 38__score_0.jpg,0
FormatFactory20200515_224827 40__score_9.jpg,9
FormatFactory20200515_224827 41__score_7.jpg,7
FormatFactory20200515_224827 42__score_10.jpg,10
FormatFactory20200515_224827 43__score_5.jpg,5
FormatFactory20200515_224827 44__score_3.jpg,3
FormatFactory20200515_224827 45__score_10.jpg,10
FormatFactory20200515_224827 46__score_0.jpg,0
FormatFactory20200515_224827 48__score_0.jpg,0
FormatFactory20200515_224827 49__score_0.jpg,0
FormatFactory20200515_224827 01__score_10.jpg,10
FormatFactory20200515_224827 02__score_10.jpg,10
FormatFactory20200515_224827 03__score_5.jpg,5
FormatFactory20200515_224827 05__score_2.jpg,2
FormatFactory20200515_224827 06__score_1.jpg,1
FormatFactory20200515_224827 07__score_1.jpg,1
FormatFactory20200515_224827 08__score_8.jpg,8
FormatFactory20200515_224827 10__score_10.jpg,10
FormatFactory20200515_224827 11__score_7.jpg,7
FormatFactory20200515_224827 12__score_10.jpg,10
FormatFactory20200515_224827 13__score_10.jpg,10
FormatFactory20200515_224827 15__score_10.jpg,10
FormatFactory20200515_224827 16__score_10.jpg,10
FormatFactory20200515_224827 17__score_6.jpg,6
FormatFactory20200515_224827 19__score_4.jpg,4
FormatFactory20200515_224827 20__score_10.jpg,10
FormatFactory20200515_224827 21__score_10.jpg,10
FormatFactory20200515_224827 22__score_5.jpg,5
FormatFactory20200515_224827 23__score_5.jpg,5
FormatFactory20200515_224827 24__score_5.jpg,5
FormatFactory20200515_224827 25__score_5.jpg,5
FormatFactory20200515_224827 26__score_5.jpg,5
FormatFactory20200515_224827 27__score_3.jpg,3
FormatFactory20200515_224827 28__score_5.jpg,5
FormatFactory20200515_224827 29__score_0.jpg,0
FormatFactory20200515_224827 30__score_0.jpg,0
FormatFactory20200515_224827 31__score_1.jpg,1
FormatFactory20200515_224827 33__score_0.jpg,0
FormatFactory20200515_224827 35__score_0.jpg,0
FormatFactory20200515_224827 37__score_0.jpg,0
FormatFactory20200515_224827 38__score_0.jpg,0
FormatFactory20200515_224827 40__score_9.jpg,9
FormatFactory20200515_224827 41__score_7.jpg,7
FormatFactory20200515_224827 42__score_10.jpg,10
FormatFactory20200515_224827 43__score_5.jpg,5
FormatFactory20200515_224827 44__score_3.jpg,3
FormatFactory20200515_224827 45__score_10.jpg,10
FormatFactory20200515_224827 46__score_0.jpg,0
FormatFactory20200515_224827 48__score_0.jpg,0
FormatFactory20200515_224827 49__score_0.jpg,0
FormatFactory20200515_224827 01__score_10.jpg,10
FormatFactory20200515_224827 02__score_10.jpg,10
FormatFactory20200515_224827 03__score_5.jpg,5
FormatFactory20200515_224827 05__score_2.jpg,2
FormatFactory20200515_224827 06__score_1.jpg,1
FormatFactory20200515_224827 07__score_1.jpg,1
FormatFactory20200515_224827 08__score_8.jpg,8
FormatFactory20200515_224827 10__score_10.jpg,10
FormatFactory20200515_224827 11__score_7.jpg,7
FormatFactory20200515_224827 12__score_10.jpg,10
FormatFactory20200515_224827 13__score_10.jpg,10
FormatFactory20200515_224827 15__score_10.jpg,10
FormatFactory20200515_224827 16__score_10.jpg,10
FormatFactory20200515_224827 17__score_6.jpg,6
FormatFactory20200515_224827 19__score_4.jpg,4
FormatFactory20200515_224827 20__score_10.jpg,10
FormatFactory20200515_224827 21__score_10.jpg,10
FormatFactory20200515_224827 22__score_5.jpg,5
FormatFactory20200515_224827 23__score_5.jpg,5
FormatFactory20200515_224827 24__score_5.jpg,5
FormatFactory20200515_224827 25__score_5.jpg,5
FormatFactory20200515_224827 26__score_5.jpg,5
FormatFactory20200515_224827 27__score_3.jpg,3
FormatFactory20200515_224827 28__score_5.jpg,5
FormatFactory20200515_224827 29__score_0.jpg,0
FormatFactory20200515_224827 30__score_0.jpg,0
FormatFactory20200515_224827 31__score_1.jpg,1
FormatFactory20200515_224827 33__score_0.jpg,0
FormatFactory20200515_224827 35__score_0.jpg,0
FormatFactory20200515_224827 37__score_0.jpg,0
FormatFactory20200515_224827 38__score_0.jpg,0
FormatFactory20200515_224827 40__score_9.jpg,9
FormatFactory20200515_224827 41__score_7.jpg,7
FormatFactory20200515_224827 42__score_10.jpg,10
FormatFactory20200515_224827 43__score_5.jpg,5
FormatFactory20200515_224827 44__score_3.jpg,3
FormatFactory20200515_224827 45__score_10.jpg,10
FormatFactory20200515_224827 46__score_0.jpg,0
FormatFactory20200515_224827 48__score_0.jpg,0
FormatFactory20200515_224827 49__score_0.jpg,0
FormatFactory20200515_224827 01__score_10.jpg,10
FormatFactory20200515_224827 02__score_10.jpg,10
FormatFactory20200515_224827 03__score_5.jpg,5
FormatFactory20200515_224827 05__score_2.jpg,2
FormatFactory20200515_224827 06__score_1.jpg,1
FormatFactory20200515_224827 07__score_1.jpg,1
FormatFactory20200515_224827 08__score_8.jpg,8
FormatFactory20200515_224827 10__score_10.jpg,10
FormatFactory20200515_224827 11__score_7.jpg,7
FormatFactory20200515_224827 12__score_10.jpg,10
FormatFactory20200515_224827 13__score_10.jpg,10
FormatFactory20200515_224827 15__score_10.jpg,10
FormatFactory20200515_224827 16__score_10.jpg,10
FormatFactory20200515_224827 17__score_6.jpg,6
FormatFactory20200515_224827 19__score_4.jpg,4
FormatFactory20200515_224827 20__score_10.jpg,10
FormatFactory20200515_224827 21__score_10.jpg,10
FormatFactory20200515_224827 22__score_5.jpg,5
FormatFactory20200515_224827 23__score_5.jpg,5
FormatFactory20200515_224827 24__score_5.jpg,5
FormatFactory20200515_224827 25__score_5.jpg,5
FormatFactory20200515_224827 26__score_5.jpg,5
FormatFactory20200515_224827 27__score_3.jpg,3
FormatFactory20200515_224827 28__score_5.jpg,5
FormatFactory20200515_224827 29__score_0.jpg,0
FormatFactory20200515_224827 30__score_0.jpg,0
FormatFactory20200515_224827 31__score_1.jpg,1
FormatFactory20200515_224827 33__score_0.jpg,0
FormatFactory20200515_224827 35__score_0.jpg,0
FormatFactory20200515_224827 37__score_0.jpg,0
FormatFactory20200515_224827 38__score_0.jpg,0
FormatFactory20200515_224827 40__score_9.jpg,9
FormatFactory20200515_224827 41__score_7.jpg,7
FormatFactory20200515_224827 42__score_10.jpg,10
FormatFactory20200515_224827 43__score_5.jpg,5
FormatFactory20200515_224827 44__score_3.jpg,3
FormatFactory20200515_224827 45__score_10.jpg,10
FormatFactory20200515_224827 46__score_0.jpg,0
FormatFactory20200515_224827 48__score_0.jpg,0
FormatFactory20200515_224827 49__score_0.jpg,0
